"Carmen Matutes, Xavier Vives","Institut d'Anàlisi Econòmica, CSIC, Campus UAB, 08193 Bellaterra, Barcelona, Spain",2000,European Economic Review,"Imperfect competition, risk taking, and regulation in banking","G21, G28","Market power, Social cost of failure, Risk taking, Limited liability, Investor protection, Rate regulation, Asset restrictions"
Raul A. Barreto,"School of Economics, The University of Adelaide, Adelaide SA 5005, Australia",2000,European Economic Review,Endogenous corruption in a neoclassical growth model,"O40, O17","Endogenous, Growth, Corruption"
Martin T. Bohl,"Department of Economics, Justus-Liebig-University Giessen, Licher Strasse 74, 35394 Giessen, Germany",2000,European Economic Review,Nonstationary stochastic seasonality and the German M2 money demand function,"E41, C22","Money demand function, Seasonal integration and cointegration, Seasonal error correction model"
Martine Carré,"M.A.D., Université Paris I, 106-112 bd de l'Hôpital, 75647 Paris Cedex 13, France",2000,European Economic Review,Debt stabilization with a deadline,"C79, H63, F02",War of attrition
"Jeremy Greenwood, Zvi Hercowitz, Per Krusell","University of Rochester, Rochester, NY 14627, USA, Tel Aviv University, Tel Aviv, Israel, CEPR, London, UK, Institute for International Economic Studies, Stockholm, Sweden",2000,European Economic Review,The role of investment-specific technological change in the business cycle,"E3, O3, O4","Equipment investment, Technological change, Business cycles"
Jan Hatzius,"Goldman, Sachs and Co. oHG, Friedrich-Ebert-Anlage 49, MesseTurm, D-60308 Frankfurt am Main, Germany",2000,European Economic Review,Foreign direct investment and factor demand elasticities,"F21, J23, J30","Foreign direct investment, Labour demand, Britain, Germany"
Robert J Hill,"School of Economics, University of New South Wales, Sydney 2052, Australia",2000,European Economic Review,Measuring substitution bias in international comparisons based on additive purchasing power parity methods,"C43, O57","Index numbers, Relative price variability, Substitution bias, Gerschenkron effect, Inequality"
Harry Huizinga,"Department of Economics, Katholieke Universiteit Brabant, P.O. Box 90153, 5000 LE Tilburg, The Netherlands, CEPR, London, UK",2000,European Economic Review,Intrafirm information management and wage dynamics,"D80, J41","Information, Wage profile"
"Mark A. Roberts, Karsten Stæhr, Torben Tranæs","University of Nottingham, Nottingham, UK, Bank of Norway, Oslo, Norway, Institute of Economics, University of Copenhagen, Studiestræde 6, DK-1455 Copenhagen K, Denmark",2000,European Economic Review,Two-stage bargaining with coverage extension in a dual labour market,"J42, J31, J50","Coverage extension, Two-stage bargaining, Minimum wages, Dual labour market, Centralization"
"Ben Jacobsen, Jan Potters, Arthur Schram, Frans van Winden, Jörgen Wit","Finance Section, University of Amsterdam, Amsterdam, The Netherlands, Tilburg University, Tilburg, The Netherlands, Department of Economics and Econometrics, University of Amsterdam, CREED, Roetersstraat 11, 1018 WB Amsterdam, Netherlands, De Nederlandsche Bank, Amsterdam, The Netherlands",2000,European Economic Review,(In)accuracy of a European political stock market: The influence of common value structures,"C93, D82, G1","Political stock market, Common value, Proportional representation, Market efficiency"
"John A. Carlson, C.L. Osler","Krannert School of Management, Purdue University, 1310 Krannert Building, West Lafayette, IN 47907-1310, USA, Federal Reserve Bank of New York, 33 Liberty Street, New York, NY 10045, USA",2000,European Economic Review,Rational speculators and exchange rate volatility,"F31, G12","Exchange rate, Exchange rate volatility, Rational speculation, Noise traders"
Gilles Duranton,"London School of Economics, Houghton Street, London WC2A 2AE, UK",2000,European Economic Review,Growth and imperfect competition on factor markets: Increasing returns and distribution,"J42, L16, O41","Imperfect competition, Growth, Factor markets, Distribution"
"Thomas Hellmann, Joseph Stiglitz","Graduate School of Business, Stanford University, Stanford, CA 94305-5015, USA",2000,European Economic Review,Credit and equity rationing in markets with adverse selection,G1,"Credit market, Equity market, Rationing equilibrium, Adverse selection"
Hans Jørgen Jacobsen,"Institute of Economics, University of Copenhagen, Studiestræde 6, DK-1455 Copenhagen K, Denmark",2000,European Economic Review,"Endogenous, imperfectly competitive business cycles","E10, E32","Imperfect competition, Endogenous fluctuations"
"Tullio Jappelli, Luigi Pistaferri","CSEF, University of Salerno, 84084 Fisciaus, Salerno, Italy, University College, London, UK, CEPR, London, UK",2000,European Economic Review,Using subjective income expectations to test for excess sensitivity of consumption to predicted income growth,E21,"Subjective expectations, Precautionary saving, Excess sensitivity"
"Philippe Martin, Carol Ann Rogers","CERAS-ENPC, 28 rue des Saints Pères, 75007 Paris, France, Department of Economics, Georgetown University, Washington, DC 20057, USA, CEPR, London, UK",2000,European Economic Review,Long-term growth and short-term economic instability,"O40, E32","Growth, Business cycle, Learning by doing, Short-term economic instability"
Enrico Pennings,"Department of Applied Economics, Catholic University of Leuven, Naamsestraat 69, 3000 Leuven, Belgium, Department of Industrial Economics, Erasmus University Rotterdam, Room H17-25, P.O. Box 1738, 3000 DR Rotterdam, Netherlands",2000,European Economic Review,Taxes and stimuli of investment under uncertainty,"E22, E62, D92, G31","Investment, Irreversibility, Taxes, Options"
Klaus M. Schmidt,"Department of Economics, University of Munich, Ludwigstr. 28 (Rgb.), D-80539 Munich, Germany",2000,European Economic Review,The political economy of mass privatization and the risk of expropriation,"D72, L33","Mass privatization, Transition, Expropriation, Political economy"
"Simon P Anderson, André de Palma","Department of Economics, University of Virginia, Rouss Hall, Chalottesville, VA 22901, USA, THEMA, Université de Cergy-Pontoise, 33 Bd. du Port, F-95011 Cergy-Pontoise, France",2000,European Economic Review,From local to global competition,"D43, L13","Product differentiation, Economic geography, Spatial competition, Localization, Monopolistic competition"
"Philippe Bacchetta, Ramon Caminal","Studienzentrum Gerzensee, Gerzensee, Switzerland, Université de Lausanne, Lausanne, Switzerland, Centre for Economic Policy Research, London, UK, Institut d'Anàlisi Econòmica (CSIC), Barcelona, Spain",2000,European Economic Review,Do capital market imperfections exacerbate output fluctuations?,"E44, E32","Credit market imperfections, Agency costs, Business cycles"
"Bruno Biais, Raphael Shadur","Universite des Sciences Sociales, IDEI, Place Anatole France, 31000 Toulouse, France, Tel Aviv University, Tel Aviv, Israel",2000,European Economic Review,Darwinian selection does not eliminate irrational traders,"D84, G12, G14","Darwinian selection, Evolutionary dynamics, Irrationality, Financial markets, Stochastic algorithms"
"Michael Funke, Holger Strulik","Department of Economics, Hamburg University, Von-Melle-Park 5, 20146 Hamburg, Germany",2000,European Economic Review,"On endogenous growth with physical capital, human capital and product variety","O14, O15, O31, O41",Economic growth
Henrik Jensen,"Institute of Economics and EPRU, University of Copenhagen, Studiestraede 6, DK-1455, Copenhagen K, Denmark",2000,European Economic Review,Optimal monetary policy cooperation through state-independent contracts with targets,"E42, E58, F42","Monetary policy cooperation, Central bank independence, Monetary institutions, Performance contracts, Policy targets"
Ian E. Novos,"Economic Consulting Services, KPMG Peat Marwick LLP, 345 Park Avenue, New York, NY 10154, USA",2000,European Economic Review,Internal and external labor markets and the scope of the firm,"D82, D83","Uncertain job preferences, Learning, Adverse selection, Productivity cost"
Michael Reiter,"Department of Economics, Universitat Pompeu Fabra, Ramon Trias Fargas 25-2708005, Barcelona, Spain",2000,European Economic Review,Relative preferences and public goods,"H41, H23","Relative-income effects, Public goods, Incentive-compatible mechanisms"
"Pier Luigi Sacco, Carlo Scarpa","Dipartimento di Scienze Economiche, Università di Bologna and Fondazione Mattei, Milan, Italy",2000,European Economic Review,Critical mass effect and restructuring in the transition towards a market economy,"P30, P31, C73","Transition economies, Privatization, Evolution"
Simon Vicary,"School of Economic Studies, Department of Economics, The University of Hull, Hull, HU6 7RX, UK",2000,European Economic Review,Donations to a public good in a large economy,H4,"Public goods, Joint production"
Partha Dasgupta,"Faculty of Economics, University of Cambridge, Sidgwick Avenue, Cambridge, CB3 9DD, UK, Beijer International Institute of Ecological Economics, Stockholm, Sweden",2000,European Economic Review,Reproductive externalities and fertility behaviour,"D1, D62, H31, J1, Q2","Population, Fertility, Environmental resources, Poverty, Household, Gender, Fosterage, Common property"
Karl-Göran Mäler,"Stockholm School of Economics Stockholn, Sweden Beijer Institute, Royal Swedish Academy of Sciences, International Institute of Ecological Economics, Box 50005, 10405 Stockholm, Sweden",2000,European Economic Review,"Development, ecological resources and their management: A study of complex dynamic systems","Q25, C73, C67","Eco-systems and eco-system services, Eutrophication, Water hyacints, Complex dynamic systems, Bifurcations"
Eric S. Maskin,"Department of Economics, Harvard University, Littauer Center, Cambridge, MA 02138, USA, MIT, Cambridge, MA 02139, USA",2000,European Economic Review,"Auctions, development, and privatization: Efficient auctions with liquidity-constrained buyers","D44, D82","Efficient auctions, Liquidity constraints"
"Daron Acemoglu, James A. Robinson","Department of Economics, Massachusetts Institute of Technology, 50 Memorial Drive, Cambridge, MA 02142-1347, USA, Department of Political Science, University of California, Berkeley, CA, USA, Hoover Institute, Stanford University, Stanford, CA, USA",2000,European Economic Review,Democratization or repression?,"D72, D74, O15, P16","Democracy, Dictatorship, Political economy, Redistribution, Repression"
"Joan Esteban, Debraj Ray","Instituto de Análisis Económico (CSIC), Campus Uni. Autonoma de Barcelona, Bellaterrra, 08193 Barcelona, Spain, New York University, New York, NY, USA",2000,European Economic Review,"Wealth constraints, lobbying and the efficiency of public allocation","O20, H50, D61, D31, C72","Lobbying, Efficiency, Development, Signaling games"
Oded Galor,"Brown University, Providence, 12912 RI, USA, Department of Economics, Hebrew University, Jerusalem, 91905, Israel, Centre for Economic Policy Research, London, UK",2000,European Economic Review,Income distribution and the process of development,"O11, O15, O40","Income distributions, Growth, Credit constraints, Human capital"
"Philippe Aghion, Patrick Bolton, Mathias Dewatripont","University College London, Gower Street, London WC1E 6BT, UK, EBRD, London, UK, Centre for Economic Policy Research, London, UK, Princeton University, Princeton, NJ, USA, ECARE, Université Libre de Bruxelles, Brussels, Belgium",2000,European Economic Review,Contagious bank failures in a free banking system,"D00, G3","Contagious bank runs, Systemic risk, Moral hazard, Insolvency, Liquidity shortage, Regulations, Clearing house"
Olivier Jeanne,"International Monetary Fund, Research Department, 700 19th Street NW, Washington, DC 20431, USA, Centre for Economic Policy Research, London, UK",2000,European Economic Review,Foreign currency debt and the global financial architecture,"F32, F33, F34, F36","Financial crisis, Moral hazard, International bailouts, Capital controls"
"Philippe Aghion, Philippe Bacchetta, Abhijit Banerjee","University College, London WC1E 6BT, UK, European Bank for Reconstruction and Development, London, UK, Center for Economic Policy Research, London, UK, Studienzentrum Gerzensee, P.O. Box 21, CH-3115 Gerzensee, Switzerland, DEEP, University of Lausanne, CH-1015 Lausanne, Switzerland, Massachussetts Institute of Technology, Cambridge, MA 02142, USA",2000,European Economic Review,A simple model of monetary policy and currency crises,"E4, E5, F3","Monetary policy, Foreign currency debt, Currency crisis"
"Mark A Dutz, Janusz A Ordover, Robert D Willig","The World Bank, Washington, DC, USA, EBRD, London, UK, New York University, New York, NY, USA, Princeton University, Princeton, NJ, USA",2000,European Economic Review,"Entrepreneurship, access policy and economic development: Lessons from industrial organization","O12, K2, L4","Competition, Entrepreneurship, Access, Competition policy"
Tarun Khanna,"Harvard Business School, Morgan Hall 221, Soldiers Field Park, Boston, MA 02163, USA",2000,European Economic Review,Business groups and social welfare in emerging markets: Existing evidence and unanswered questions,"G30, L20, L40, P5","Business groups, Emerging markets, Competition policy"
"Mark A Dutz, Maria Vagliasindi","Office of the Chief Economist, EBRD, London, UK, The World Bank, Washington, DC, USA",2000,European Economic Review,Competition policy implementation in transition economies: An empirical assessment,"L4, K21, P2","Competition, Competition policy, Transition economies"
"Jean-Jacques Laffont, Tchétché N'Guessan","ARQADE and IDEI, Université des Sciences Sociales de Toulouse, Toulouse, France, CREMIDE and CIRES, Université Cocody, Abidjan, Côte d'Ivoire, France",2000,European Economic Review,Group lending with adverse selection,"O2, G2, C7","Group lending, Adverse selection, Development"
Xinzhu Zhang,"Research Center for Regulation and Competition, CASS Beijing 100732, People's Republic of China",2000,European Economic Review,Incentives in allocation of policy loans,"P31, P34","Policy loans, Favoritism, Externalities, Incentives, Observability"
"Jean-Jacques Laffont, Aké N'Gbo","IDEI and ARQADE, Université des Sciences Sociales de Toulouse, Place Anatole-France, F-31042 Toulouse, France, CREMIDE, Université Cocody, Abidjan, Ivory Coast",2000,European Economic Review,Cross-subsidies and network expansion in developing countries,"O2, H2, L5","Infrastructures, Development, Cross-subsidies"
"Henry Hansmann, Reinier Kraakman","Yale Law School, Yale University, P.O. Box 208215, New Haven, CT 06520-8215, USA, Harvard Law School, Cambridge, MA 02138, USA",2000,European Economic Review,Organizational law as asset partitioning,"D23, K22, L22","Corporations, Limited liability, Asset partitioning, Law"
"Ian Ayres, Kristin Madison","Yale Law School, 127 Wall Street, New Haven, CT 06511, USA, Stanford University, Stanford, CA, USA",2000,European Economic Review,Threatening inefficient performance,"K00, K11, K12, K42","Contract, Property, Threat, Injunction"
Lucian Arye Bebchuk,"Harvard University, School of Law, 1557 Massachusetts Avenue, Cambridge, MA 02138, USA",2000,European Economic Review,Using options to divide value in corporate bankruptcy,"G3, G33, K2","Bankruptcy, Reorganization, Options"
"Damien J. Neven, Lars-Hendrik Röller","University of Lausanne, DEEP-HEC-BFSH1, CH-1015 Lausanne, Switzerland, WZB-Wissenschaftszentrum Berlin, Reichpietschufer 50, D-10785 Berlin, Germany",2000,European Economic Review,The allocation of jurisdiction in international antitrust,"L4, K21, F2","Competition policy, Merger control, Allocation of jurisdiction"
Paul Seabright,,2000,European Economic Review,Skill versus judgement and the architecture of organisations,"D23, L22","Multi-task principal–agent models, Organisations, Monitoring"
"Mathias Dewatripont, Ian Jewitt, Jean Tirole","ULB-ECAR (Université Libre de Bruxelles), Avenue Franklin D Roosevelt, 50 Ep114, B-1050-Bruxelles, Belgium, Department of Economics, and CMPO, University of Bristol, Bristol, UK, IDEI and GREMAQ (UMR 5603 CNRS), Toulouse, France, CERAS (URA 2036 CNRS), Paris, France, MIT, Cambridge, MA 02139, USA",2000,European Economic Review,Multitask agency problems: Focus and task clustering,"D00, L14","Incentives, Moral hazard, Multiple tasks"
"Mark Gradstein, Moshe Justman","Department of Economics, Ben Gurion University, P.O. Box 653, 84105 Beer Sheva, Israel",2000,European Economic Review,"Human capital, social capital, and public schooling","I21, H42, O15, D72","Public education, Human capital, Social capital"
"François Bourguignon, Thierry Verdier","EHESS and DELTA, Paris, France, CERAS, DELTA-ENS, 48 Boulevard Jourdan, 75014 Paris, France, Centre for Economic Policy Research, London, UK",2000,European Economic Review,Is financial openness bad for education? A political economy perspective on development,"F2, H1, I2, O1","Democratization, Openness, Political economy, Education"
"Peter Bearse, Gerhard Glomm, B. Ravikumar","Department of Economics, University of North Carolina at Greensboro, Greensboro, NC 27402-6165, USA, Michigan State University, East Lansings, MI 48823, USA, University of Iowa, Iowa City, IA 52242, USA",2000,European Economic Review,On the political economy of means-tested education vouchers,"I22, I28, D72","Education finance, Political economy, Majority voting"
"Daron Acemoglu, Jörn-Steffen Pischke","Department of Economics, Massachusetts Institute of Technology, E52-371, 50 Memorial Drive, Cambridge, MA 02142-1347, USA",2000,European Economic Review,Certification of training and training outcomes,"J24, J31, J41.","Imperfect labor markets, General human capital, Firm sponsored training"
"Denis Fougère, Francis Kramarz, Thierry Magnac","CREST-INSEE, CNRS, 15, Boulevard Gabriel Péri, 92245 Malakoff Cedex, France, CREST-INSEE, CEPR, Paris, France, INRA, CREST-INSEE, CEPR, Paris, France",2000,European Economic Review,Youth employment policies in France,"C33, C41, J38, J68","Training programs, Youth unemployment, Minimum wage, Evaluation methodology"
"Juan J. Dolado, Florentino Felgueroso, Juan F. Jimeno","Universidad Carlos III de Madrid, Madrid, Spain, Centre for Economic Policy Research, London, UK, Universidad de Oviedo, Oviedo, Spain, Universidad de Alcalá, Madrid, Spain, FEDEA, Madrid, Spain",2000,European Economic Review,"Youth labour markets in Spain: Education, training, and crowding-out","J21, J23.","Unemployment, Education, Training, Matching"
Richard Disney,"School of Economics, University of Nottingham, University Park, Nottingham NG2RD, UK",2000,European Economic Review,Declining public pensions in an era of demographic ageing: Will private provision fill the gap?,"H55, E21","Public pension programmes, Private saving"
"Helmuth Cremer, Pierre Pestieau","IDEI and GREMAQ, University of Toulouse and Institut universitaire de France, Place Anatole, F-31042 Toulouse, France, CREPP, University of Liège, Liege, Belgium, CORE, Université Catholique de Louvain, Louvain-la-Neuve, Belgium, DELTA, Paris, France, CEPR, London, UK",2000,European Economic Review,"Reforming our pension system: Is it a demographic, financial or political problem?","H55, J26, D72","Social security reform, Retirement, Political process, Entrenched interests"
"Otto Toivanen, Michael Waterson","Department of Economics, Helsinki School of Economics, PO Box 1210, 00101 Helsinki, Finland, Department of Economics, University of Warwick, Coventry, CV4 7AL, UK",2000,European Economic Review,Empirical research on discrete choice game theory models of entry: An illustration,"L13, L81","Discrete games, Entry, Empirical modelling"
"Peter Davis
","E52-449, MIT Sloan School of Management, 50 Memorial Drive, Cambridge, MA 02142-1347, USA",2000,European Economic Review,Empirical models of demand for differentiated products,"C51, D12, L13, R00","Differentiated products, Demand modeling, Identification, Retail markets"
"Mireia Jofre-Bonet, Martin Pesendorfer","Department of Public Health, Yale University, P.O. Box 208034, New Haven, CT 06520-8034, USA, Department of Economics, Yale University, P.O. Box 208264, New Haven, CT 06520-0264, USA",2000,European Economic Review,Bidding behavior in a repeated procurement auction: A summary,"L0, D44","Auction, Intertemporal effects, Non parametric"
Jacques Crémer,"IDEI-GREMAQ, Université de Toulouse 1, Place Anatole France, 31042 Toulouse Cedex, France",2000,European Economic Review,Network externalities and universal service obligation in the internet,"L51, L96","Internet, Universal service, Network externalities"
Danny Quah,"LSE, Economics Department, Houghton Street, London WC2A 2AE, UK",2000,European Economic Review,Internet cluster emergence,"D30, O10, O18, O33","Distribution dynamics, Economic geography, Internet, Location, Space, Time, Toeplitz, Weightless economy, Waves"
Robin Mason,"Department of Economics, University of Southampton, Highfield, Southampton SO17 1BJ, UK",2000,European Economic Review,Simple competitive Internet pricing,"D43, L13, L96","Internet pricing, Network effects, Non-linear pricing"
"Ernst Fehr, Klaus M. Schmidt","Institute for Empirical Research in Economics, University of Zurich, Bluemlisalpstrasse 10, CH-8006 Zurich, Switzerland, Department of Economics, University of Munich, Ludwigstrasse 28, D-80539 Munich, Germany",2000,European Economic Review,"Fairness, incentives, and contractual choices","C7, C9, D0, J3","Fairness, Reciprocity, Incomplete contracts, Incentives"
"Martin Dufwenberg, Georg Kirchsteiger","Department of Economics, Stockholm University, SE-10691 Stockholm, Sweden, Department of Economics, University of Vienna, Vienna, Austria",2000,European Economic Review,Reciprocity and wage undercutting,"D63, E24, J41","Reciprocity, Wage underbidding, Unemployment"
"Jacob K. Goeree, Charles A. Holt","Department of Economics, 114 Rouss Hall, University of Virginia, Charlottesville, VA 22903, USA, University of Amsterdam, Roetersstraat 11, 1018 WB Amsterdam, The Netherlands",2000,European Economic Review,Asymmetric inequality aversion and noisy behavior in alternating-offer bargaining games,"C72, C92","Alternating-offer bargaining, Fairness, Logit equilibrium, Inequality aversion"
"B. Caillaud, D. Cohen","CERAS-ENPC, 28 rue des Saints-Pères, 75007 Paris, France, Centre for Economic Policy Research, London, UK, CEPREMAP, 142 rue du Chevaleret, 75013 Paris, France, ENS Ulm, 48 Bd Jourdan, 75014 Paris, France",2000,European Economic Review,Inter-generational transfers and common values in a society,D9,"Dynamic inconsistency, Inter-generational transfers, Standard of behaviour"
"Isabelle Brocas, Juan D Carrillo","ECARE, Université Libre de Bruxelles, 39 av. Franklin Roosevelt, 1050-Brussels, Belgium, Centre for Economic Policy Research, London, UK",2000,European Economic Review,The value of information when preferences are dynamically inconsistent,"A12, D81, D83, D92, G39","Time inconsistency, Learning, Ignorance, Rush, Procrastination"
"Bernard Caillaud, Bruno Jullien","CERAS-ENPC, CNRS URA2036, Paris, France, Centre for Economic Policy Research, London, UK, GREMAQ, CNRS UMR5604, and IDEI, Toulouse, France",2000,European Economic Review,Modelling time-inconsistent preferences,D9,"Time-inconsistent preferences, Hyperbolic discounting, Self-restraint"
,,2000,European Economic Review,Editorial,,
"Daron Acemoglu, Robert Shimer","Department of Economics, M.I.T., Cambridge, MA 02139, USA, Department of Economics, Princeton University, 204 Fisher Hall, Princeton, NJ 08544-1021, USA",2000,European Economic Review,Productivity gains from unemployment insurance,"D83, J64, J65","Efficiency, Risk-aversion, Search, Unemployment insurance, Consumption smoothing"
"Orazio Attanasio, José-Vı́ctor Rı́os-Rull","University College, London, UK, Department of Economics, University of Pennsylvania, 3718 Locust Walk, Philadelphia, PA 19104-6297, USA, Centre for Economic Policy Research, London, UK, National Bureau of Economic Research, Cambridge, MA 02138, USA",2000,European Economic Review,Consumption smoothing in island economies: Can public insurance reduce welfare?,"E60, H30, D83","Consumption smoothing, Public insurance, Incomplete contracts"
"Francesco Giavazzi, Tullio Jappelli, Marco Pagano","IGIER, Università Bocconi, via Sarfatti 25, 20136 Milan, Italy, National Bureau of Economic Research, Cambridge, MA 02138, USA, Centre for Economic Policy Research, London, UK, CSEF, Università di Salerno, Salerno, Italy",2000,European Economic Review,Searching for non-linear effects of fiscal policy: Evidence from industrial and developing countries,"E21, E62, H31","Fiscal policy, National saving"
"Ramon Marimon, Fabrizio Zilibotti","Department of Economics, European University Institute, Badia Fiesolana, I-50016 San Domenico di Fiesole (FI), Italy, Universitat Pompeu Fabra, Barcelona, Spain, National Bureau of Economic Research, Cambridge, MA 02138, USA, Centre for Economic Policy Research, London, UK, Institute for International Economic Studies, Stockholm University, S-106 91 Stockholm, Sweden",2000,European Economic Review,Employment and distributional effects of restricting working time,"E24, E25, J22, J23, J30, J41","Hours reduction, Leisure, Search, Unemployment, Wage, Working time, Work sharing"
"Philippe Martin, H. Rey","CERAS-ENPC, 28 rue des Saints Pères, 75007 Paris, France, Centre for Economic Policy Research, 90-98 Goswell Rd, London EC1 V7RR, UK, LSE, Houghton Street, London WC2A 2AE, UK",2000,European Economic Review,Financial integration and asset returns,"F4, F12, G1, G12","Financial integration, Asset trade, Transaction costs, Cross-listing"
"Athanasios Orphanides, Volker Wieland","Division of Monetary Affairs, Board of Governors of the Federal Reserve System, Washington, DC 20551, USA",2000,European Economic Review,Inflation zone targeting,"E31, E52, E58, E61","Inflation targeting, Price stability, Optimal monetary policy"
John B. Taylor,"Department of Economics, Stanford University, California, CA 94305, USA",2000,European Economic Review,"Low inflation, pass-through, and the pricing power of firms","E31, E52, F41","Pass-through, Exchange rates, Monopolistic competition, Staggered price setting, Pricing power, Persistence, Inflation"
Martin Flodén,"Stockholm School of Economics, Box 6501, S-113 83 Stockholm, Sweden",2000,European Economic Review,Endogenous monetary policy and the business cycle,"E32, E52","Fluctuations, Money supply, Inflation"
Theon van Dijk,"National Economic Research Associates, 15 Stratford Place, London W1N 9AF, UK",2000,European Economic Review,"Licence contracts, future exchange clauses, and technological competition","K21, O34","Licence contracts, Grant-back clause, Mutual exchange clause, Technological competition"
Charles Engel,"Department of Economics, University of Washington, Box 353330, Seattle, WA 98195-3330, USA, NBER, Cambridge, MA 02138, USA",2000,European Economic Review,Local-currency pricing and the choice of exchange-rate regime,"F3, F4","Optimum currency area, Exchange rate regime, Fixed vs. floating exchange rates"
Giulio Fella,"Department of Economics, London School of Economics, London, UK, Department of Economics, Queen Mary and Westfield College, London, UK",2000,European Economic Review,Efficiency wage and efficient redundancy pay,"E24, J32, J41, J65","Efficiency wage, Firing costs"
Jan Fidrmuc,"CentER for Economic Research, Tilburg University, P.O. Box 90153, 5000 LE Tilburg, Netherlands, ECARE, Université Libre de Bruxelles, Brussels, Belgium",2000,European Economic Review,Political support for reforms: Economics of voting in transition countries,"D72, E24, E61","Transition, Economics of voting, Central and Eastern Europe"
"Tryphon Kollintzas, Vanghelis Vassilatos","Athens University of Economics and Business, Athens, Greece, CEPR, London, UK, Athens Institute of Economic Policy Studies (IMOP), Athens, Greece, Foundation for Economic and Industrial Research (IOBE), Athens, Greece, University of Ioannina, Ionnanina, Greece",2000,European Economic Review,A small open economy model with transaction costs in foreign capital,"E1, E3, E6, F3","Growth, Business cycles, Small open economy, Transaction costs in foreign assets, Government consumption, Transfers"
"Jyoti Khanna, Todd Sandler","Department of Economics, Colgate University, Hamilton, NY 13346, USA, School of International Relations, University of Southern California, Los Angeles, CA 90089-0043, USA",2000,European Economic Review,Partners in giving:: The crowding-in effects of UK government grants,"L31, H41","Charities, Government grants, Crowding-in, Endogeneity, Panel data"
Nikolaos Vettas,"The Fuqua School of Business, Duke University, Durham, NC 27708-0120, USA, CEPR, London, UK",2000,European Economic Review,"On entry, exit, and coordination with mixed strategies","C72, C73, D43, L13","Entry dynamics, Mixed strategies, Coordination"
Ruqu Wang,"Economics Department, Queen's University, Kingston, Ont, Canada, K7L 3N6",2000,European Economic Review,Bidding and renegotiation in procurement auctions,"C72, C78, D82","Price determination, Renegotiation, Signaling, Procurement auctions"
Lutz G Arnold,"University of Dortmund, LS Makroökonomik, Vogelpothsweg 87, 44 227 Dortmund, Germany",2000,European Economic Review,"Endogenous growth with physical capital, human capital and product variety: A comment",O41,"Economic growth, R&D, Human capital"
"Carlo A. Favero, Francesco Giavazzi, Fabrizio Iacone","IGIER, Università Bocconi, Via Salasco 5, 20136 Milan, Italy, Centre for Economic Policy Research, London, UK",2000,European Economic Review,Extracting information from asset prices: The methodology of EMU calculators,"E43, E52","Term structure of interest rates, Expectational model, Probabilities of entering EMU"
"Helmuth Cremer, Firouz Gahvari","IDEI and GREMAQ, University of Toulouse and Institut Universitaire de France, Place Anatole France, F-31048 Toulouse Cedex, France, Department of Economics, University of Illinois at Urbana-Champaign, Champaign, IL 61820, USA",2000,European Economic Review,"Tax evasion, fiscal competition and economic integration","H20, H26, H87, F15","Tax evasion, Economic integration, Fiscal competition, Tax harmonization"
Chang-Tai Hsieh,"Princeton University, 406 Robertson Hall, Princeton, NJ 08544, USA",2000,European Economic Review,Bargaining over reform,"H6, D7","Macroeconomic stabilization, War of attrition"
"Stefan Gerlach, Frank Smets","Bank for International Settlements, Basel, Switzerland, Centre for Economic Policy Research, London, UK, WWZ, Universität Basel, Switzerland, European Central Bank, Frankfurt, Germany",2000,European Economic Review,MCIs and monetary policy,E52,"Monetary conditions index, Monetary policy, Exchange rate, Transmission mechanism"
"Vittoria Cerasi, Sonja Daltung","Dipartimento di Statistica, Università degli Studi di Milano, Bicocca – Via Sarca 202, 20126 Milan, Italy, Sveriges Riksbank, S-103 37 Stockholm, Sweden",2000,European Economic Review,The optimal size of a bank: Costs and benefits of diversification,"D82, G21, G32","Financial intermediaries, Financial structure, Diversification, Monitoring"
Johan Stennek,"Institute for International Economic Studies, Stockholm University, 10691 Stockholm, Sweden",2000,European Economic Review,Competition increases x-efficiency: A limited liability mechanism,"D20, D82, L10","x-inefficiency, Limited liability, Competition, Entry"
"Hans Gersbach, Armin Schmutzler","Department of Economics, University of Heidelberg, Heidelberg, Germany, Department of Economics, Socioeconomic Center, University of Zürich, Blumlisalpstrasse 10, 8006 Zürich, Switzerland",2000,European Economic Review,Declining costs of communication and transportation: What are the effects on agglomerations?,"F15, L13, R12","Economic integration, Technological spillovers, Intrafirm communication"
"Stefano Vannini, Jacques Bughin","Department of Economics, University of Vienna, Bruennerstrasse 72, A-1210 Vienna, Austria, Centre for Economic Policy and Research, London, UK, McKinsey and Co., Avenue Louise 480 b.22, B-1050 Brussels, Belgium, ECARE, Free University of Brussels, Avenue Roosevelt, B-1050 Brussels, Belgium",2000,European Economic Review,To be (unionized) or not to be? A case for cost-raising strategies under Cournot oligopoly,"L20, J51","Cost-raising strategies, Union–firm bargaining, Cournot oligopoly"
"Harold Houba, Wilko Bolt","Department of Econometrics, Free University, De Boelelaan 1105, 1081 HV Amsterdam, Netherlands, Econometric Research and Special Studies Department, De Nederlandsche Bank, P.O. Box 98, 1000 AB Amsterdam, Netherlands",2000,European Economic Review,"Holdouts, backdating and wage negotiations","C78, J50","Strategic bargaining, Holdouts, Backdating, Settlement wages"
"Melvyn Coles, Adrian Masters","Department of Economics, University of Essex, Wivenhoe Park, Colchester CO4 3SQ, UK, Instituto d'Analisis Economico, CSIC, Campus UAB, Barcelona, Spain",2000,European Economic Review,Retraining and long-term unemployment in a model of unlearning by not doing,"J41, J24","Long-term unemployment, Skill decay, Training"
Antoine Faure-Grimaud,"Finanical Markets Group, London School of Economics, Interdisciplinary Institute of Mangement and FMG, Houghton Street, London WC2A 2AE, UK",2000,European Economic Review,Product market competition and optimal debt contracts: The limited liability effect revisited,"L13, L14, G30","Contract theory, Debt, Asymmetric information, Renegotiation, Imperfect competition"
Klaus Kultti,"Helsinki School of Economics and Business Administration, Department of Economics and Management Science, P.O. Box 1210, 00101 Helsinki, Finland",2000,European Economic Review,A model of random matching and price formation,"C78, D40, D44, D83","Random matching, Bargaining, Auctions"
"Gérard Roland, Khalid Sekkat","Ecare, Université Libre de Bruxelles, and CEPR, CP. 172, 39 avenue F.D. Roosevelt, 1050 Bruxelles, Belgium, Centre for Economic Policy Research, London, UK, Dulbea and Ecare, Université Libre de Bruxelles, CP. 140, 50 avenue F.D. Roosevelt, 1050 Bruxelles, Belgium",2000,European Economic Review,"Managerial career concerns, privatization and restructuring in transition economies","D29, H39, P29","Transition economies, Privatization and restructuring, Managerial career concerns"
James Pemberton,"Department of Economics, Faculty of Letters & Social Science, The University of Reading, PO Box 218, Whiteknights, Reading, Berkshire, RG6 6AA, UK",2000,European Economic Review,National and international privatisation of pensions,"E60, H55, D91, F42","Pensions, Saving, Pay-as-you-go"
"Francesco Drudi, Alessandro Prati","Directorate General Economics, European Central Bank, Frankfurt am Main, D-60311, Germany, Research Department, International Monetary Fund, Washington, DC 20431, USA",2000,European Economic Review,Signaling fiscal regime sustainability,"E63, H6, F22","Signaling, Fiscal stabilization, Tax smoothing, Debt sustainability, Credit ratings"
"Rafael Repullo, Javier Suarez","CEMFI, Casado del Alisal 5, 28014 Madrid, Spain, Centre for Economic Policy Research, London, UK",2000,European Economic Review,Entrepreneurial moral hazard and bank monitoring: A model of the credit channel,"E44, E50, D82","Monetary transmission mechanism, Credit markets, Bank monitoring, Interest rate ceilings, Capital requirements"
"A.Jorge Padilla, Marco Pagano","CEMFI, Madrid, Spain, Centre for Economic Policy Research, London, UK, CSEF, University of Salerno, Salerno, Italy",2000,European Economic Review,Sharing default information as a borrower discipline device,"D82, G21","Information sharing, Credit markets, Incentives"
Robin Mason,"Department of Economics, University of Southampton, Highfield, Southampton SO17 1BJ, UK",2000,European Economic Review,Network externalities and the Coase conjecture,"C73, C78, D42, L12","Coase conjecture, Network externalities"
,,2000,European Economic Review,Index,,
"Juan D. Carrillo, Thomas Mariotti","ECARE, Université Libre de Bruxelles, 39, avenue Franklin D. Roosevelt, 1050 Bruxelles, Belgium, Department of Economics, London School of Economics and Political Science, Houghton Street, WC2A 2AE London, UK",2001,European Economic Review,Electoral competition and politician turnover,"D72, D81","Elections, Candidates, Incentives, Political campaigns"
"Olivier Cadot, Jaime de Melo, Marcelo Olarreaga","INSEAD, bd de Constance, 77305 Fontainebleau, France, University of Geneva, Département d’économie politique, 102 bd Carl Vogt, 1211 Geneva 4, Switzerland, Centre for Economic Policy and Research, London, UK, The World Bank, 1818, H. st. NW, Washington, DC 20433, USA",2001,European Economic Review,Can bilateralism ease the pains of multilateral trade liberalization?,"F11, F13, F15","Free-trade areas, Political economy"
Satya P. Das,"Indian Statistical Institute, 7 S.J.S. Sansanwal Marg, New Delhi 110 016, India",2001,European Economic Review,Trade and relative wages: The role of supervisory function by skilled workers,"F11, J31","International trade, Relative wage, Skilled workers, Unskilled workers, Supervision"
"Amy Jocelyn Glass, Kamal Saggi","Department of Economics, Ohio State University, 1945 North High Street, Columbus, OH 43210-1172, USA, Department of Economics, Southern Methodist University, Dallas, TX 75275-0496, USA",2001,European Economic Review,Innovation and wage effects of international outsourcing,"F21, F43, O31, O34","International outsourcing, Innovation, Adaptation"
"Antonio Cabrales, Massimo Motta","Department of Economics, Universitat Pompeu Fabra, Ramon Trias Fargas 25-27, E-08005 Barcelona, Spain, European University Institute, Badia Fiesolana, Via dei Roccettini 9, I-50016 San Domenico di Fiesole (FI), Italy",2001,European Economic Review,"Country asymmetries, endogenous product choice and the timing of trade liberalization","F12, F15","Trade liberalization, Product differentiation, International trade"
"Mario Forni, Lucrezia Reichlin","University of Modena, Modena, Italy, Centre for Economic Policy Research, London, UK, Université Libre de Bruxelles, ECARES, 39 ave. F.D. Roosevelt, Bruxelles 1050, Belgium",2001,European Economic Review,Federal policies and local economies: Europe and the US,"C51, E32, O30","Dynamic factor model, Business cycle, European integration"
"Ravi Balakrishnan, Claudio Michelacci","Banco de España, Calle Alcala 50, 28014 Madrid, Spain, CEMFI, Casado del Alisal 5, 28014 Madrid, Spain",2001,European Economic Review,Unemployment dynamics across OECD countries,"E20, J40, J60","Labour market flows, Search, Unemployment, OECD economies"
"Anna Bottasso, Alessandro Sembenelli","University of Genova, Genoa, Italy, University of Torino and CERIS-CNR, Via Avogadro 8, 10121 Torino, Italy",2001,European Economic Review,"Market power, productivity and the EU Single Market Program: Evidence from a panel of Italian firms","L1, O3, F1","Market power, Productivity, Integration, Europe"
"Frans van Dijk, Joep Sonnemans, Frans van Winden","Faculty of Economics and Econometrics, University of Amsterdam, Roetersstraat 11, 1018 WB Amsterdam, Netherlands",2001,European Economic Review,Incentive systems in a real effort experiment,"J3, J33","Payment schemes, Experiment"
Anthony Heyes,"Department of Economics, Royal Holloway College, University of London, Egham Hill, Surrey, TW20 OEX, UK",2001,European Economic Review,Honesty in a regulatory context – good thing or bad?,"K4, K2, H8","Pollution control, Honesty, Incentives"
"Ian Irvine, Susheng Wang","Department of Economics, Concordia University, Montreal, P.Q., Canada H3G 1M8, Department of Economics, Hong Kong University of Science & Technology, Hong Kong",2001,European Economic Review,Saving behavior and wealth accumulation in a pure lifecycle model with income uncertainty,"E21, E25, E60","Wealth accumulation, Income uncertainty, Precautionary saving, Retirement"
"Francesco Nucci, Alberto F. Pozzolo","Facoltá di Scienze Statistiche, Universitá “La Sapienza”, P.le Moro 5, 00185 Rome, Italy, Research Department, Banca d'Italia, Via Nazionale 91, D0184 Rome, Italy",2001,European Economic Review,Investment and the exchange rate: An analysis with firm-level panel data,"F31, E22","Investment, Exchange rate, Firm's exposure"
Ragnar Torvik,"Department of Economics, Norwegian University of Science and Technology, N-7491 Trondheim, Norway, Central Bank of Norway, Box 1179 Sentrum, N-0107 Oslo, Norway",2001,European Economic Review,Learning by doing and the Dutch disease,"F35, F43, O41","Foreign exchange gift, Exchange rate behaviour, Endogenous growth"
"Giorgio Brunello, Alfredo Medio","Department of Economics, University of Padova, via del Santo 33, 35100 Padova, Italy, Institute for the Study of Labor (IZA), Bonn, Germany, Department of Economics, University of Venice, san Giobbe 873, 30121 Venice, Italy",2001,European Economic Review,An explanation of international differences in education and workplace training,"J24, J31","Education, Workplace training"
Antoine Bouët,"Université de Pau et des Pays de l'Adour, C.A.T.T.-EA 753, Avenue du Doyen Poplawski, 64000 Pau, France",2001,European Economic Review,"Research and development, voluntary export restriction and tariffs","F12, F13","Tariffs, Research & Development, Voluntary export restriction"
"P. Cahuc
, A. Saint-Martin, A. Zylberberg","EUREQua, UMR CNRS, Université de Paris I, Maison des Sciences Economiques, 106-112, Boulevard de l'Hôpital, 75013, Paris, France",2001,European Economic Review,The consequences of the minimum wage when other wages are bargained over,"J23, J31, J38, J51","Minimum wage, Wage bargaining, Employment"
Ulrike Hoffmann-Burchardi,"London School of Economics, Financial Markets Group, Houghton Street, London WC2A 2AE, UK",2001,European Economic Review,"Clustering of initial public offerings, information revelation and underpricing",G32,"Initial public offerings, Asymmetric information, Clustering, Underpricing"
"Matthias R. Effinger, Mattias K. Polborn","Université des Sciences Sociales de Toulouse, Toulouse, France, University of Munich, Munich, Germany, Seminar für Versicherungswissenschaft, University of Munich, Ludwigstr. 28, 80539 Munich, Germany",2001,European Economic Review,Herding and anti-herding: A model of reputational differentiation,"D8, L0","Herding, Strategic communication, Career concerns"
Anne Case,"Department of Economics and the Woodrow Wilson School, Princeton University, 217 Bendheim Hall, Princeton, NJ 08544, USA",2001,European Economic Review,Election goals and income redistribution: Recent evidence from Albania,"H1, H7, O1","Political objectives, Block grants, Albania"
Paola Caselli,"Research Department, Bank of Italy, Via Nazionale, 91, 00184 Roma, Italy",2001,European Economic Review,Fiscal consolidation under fixed exchange rates,"F41, E63, E65","Exchange rate regimes, Price rigidities, International transmission, Fiscal policy shocks"
"Oscar Bajo-Rubio, Simón Sosvilla-Rivero, Fernando Fernández-Rodrı́guez","Departmento de Economia, Universidad Pública de Navarra, Campus de Arrosadia, 31006 Pamplona, Spain, FEDEA and Universidad Complutense de Madrid, Spain, Universidad de Las Palmas de Gran Canaria, Las Palmas, Spain",2001,European Economic Review,Asymmetry in the EMS: New evidence based on non-linear forecasts,"C53, E43, F33","Interest rates, European Monetary System, Non-linear forecasting"
"Kai A. Konrad, Kjell Erik Lommerud","Department of Economics, Free University of Berlin, Boltzmannstrasse 20, D-14195 Berlin, Germany, Department of Economics, University of Bergen, Fosswinckelsgate 6, N-5007 Bergen, Norway",2001,European Economic Review,"Foreign direct investment, intra-firm trade and ownership structure","F23, F34, G15, H87","Foreign investment, Intra-firm trade, Hold-up problem"
"Stephen P. Magee, Hak-Loh Lee"," Department of Finance, University of Texas, Austin, TX 78712, USA,  Industrial Policy Division, Korean Ministry of Trade, Industry and Energy, Seoul, South Korea",2001,European Economic Review,Endogenous tariff creation and tariff diversion in a customs union,"F13, F15, H42, L11","Protection, Customs unions, Endogenous protection, Political economy, Tariffs, Free riding, Lobbying, Industry structure, Endogenous free riding"
Niels Nannerup,"Department of Economics, Odense University, Campusvej 55, 5230 Odense, Denmark",2001,European Economic Review,Equilibrium pollution taxes in a two industry open economy,"F1, Q2, C7","International trade, Industry cost differences, National emission targets, Strategic policy design"
"Dominique Goux, Eric Maurin, Marianne Pauchet","Centre de Recherche en Economie et Statistique, Département de la Recherche, Timbre J310, 15 boulevard Gabriel Péri, 92245 Malakoff cedex, France, Direction de la Prévision, Paris, France",2001,European Economic Review,Fixed-term contracts and the dynamics of labour demand,"J23, J30, D21","Fixed-term contracts, Adjustment costs, Dynamic labour demand"
"Robin Boadway, Katherine Cuff","Department of Economics, Queen's University, Room 209, Dunning Hall, Kingston, Ont., K7L 3N6 Canada",2001,European Economic Review,A minimum wage can be welfare-improving and employment-enhancing,"H21, H23, J38","Minimum wage, Optimal income tax, Unemployment"
"Harald Gruber, Frank Verboven","European Investment Bank, Luxembourg, Luxembourg, SESO - Department of Economics, University of Antwerp, (UFSIA) Prinsstraat 13, B-2000 Antwerpen, Belgium",2001,European Economic Review,The diffusion of mobile telecommunications services in the European Union,"L1, L86, O3","Technology diffusion, Regulation and competition, Mobile telecommunications"
,,2001,European Economic Review,Contents EEA issue,,
Avinash Dixit,"Department of Economics, Princeton University, Princeton, NJ 08544-1021, USA",2001,European Economic Review,Games of monetary and fiscal interactions in the EMU,"F33, F42, E58","Monetary Union, EMU, Monetary policy, Fiscal Policy"
Ariel Rubinstein,"Department of Economics, Tel Aviv University, 69978 Tel Aviv, Israel, Department of Economics, Princeton University, Princeton, NJ, USA",2001,European Economic Review,A theorist's view of experiments,"B0, C9","Experimental economics, Hyperbolic discounting, Economic theory, Economic modeling"
"Timothy Besley, Robin Burgess","Department of Economics and STICERD, London School of Economics, Houghton Street, London WC2 2AE, UK",2001,European Economic Review,"Political agency, government responsiveness and the role of the media","D72, H11, H41, I38, O12, P26","Mass media, Political accountability"
"Jean J. Gabszewicz, Dider Laussel, Nathalie Sonnac","CORE, Université catholique de Louvain, Vioe du Roman Pays 34, 1348 Louvain-la-Neuve, Belgium, LEQAM, Université d'Aix-Marseille II, Château Lafarge, Route des Milles, 13290 Les Milles, France, ECARES, Université Libre de Bruxelles, Brussels, ctyBelgium France, CREST-LEI, 28 rue des Saints-Péres, 75006, Paris, France, University of Paris II, Paris, France",2001,European Economic Review,Press advertising and the ascent of the ‘Pensée Unique’,"L13, L82","TV-broadcasting, Channels-program diversity, Advertising"
David Strömberg,"IIES, Stockholm University, S106 91 Stockholm, Sweden",2001,European Economic Review,Mass media and public policy,"H1, D7, D8","Mass media, Public policy, Information, Elections"
Daron Acemoglu,"Department of Economics, Massachusetts Institute of Technology, 50 Memorial Drive, Cambridge, MA 02142, USA",2001,European Economic Review,Credit market imperfections and persistent unemployment,,"Credit markets, Labor markets, Unemployment, Income distribution, Credit constraints"
"David G Blanchflower, Andrew Oswald, Alois Stutzer","Department of Economics, Dartmouth College, 6106 Rockefeller Hall, Hanover, NH 03755, USA, Department of Economics, Warwick University, Coventry, UK, University of Zurich, Zurich, Switzerland, National Bureau of Economic Research, Cambridge, MA 62138, USA",2001,European Economic Review,Latent entrepreneurship across nations,J0,"Entrepreneurship, Self-employment, Labour markets"
"Raquel Fonseca, Paloma Lopez-Garcia, Christopher A Pissarides","Department of Economics, Centre for Economic Performance, London School of Economics, Houghton Street, London WC2A 2AE, UK",2001,European Economic Review,"Entrepreneurship, start-up costs and employment","E24, J23, J63","Managers, Search, Matching, Start-up costs, Job creation"
Elise S Brezis,"Department of Economics, Bar-Ilan University, Ramat-Gan, Israel",2001,European Economic Review,"Social classes, demographic transition and economic growth","J13, O11, O16, O40","Social classes, Demographic transition, Capital, Proletariat, Fertility, Growth"
"Oded Galor, Omer Moav","Department of Economics, Brown University, Providence, RI 02912, USA, Department of Economics, Hebrew University, Jerusalem, 91905 Israel, CEPR, London, UK",2001,European Economic Review,Evolution and growth,"B22, E10, O11, O14, O33, O40, J10, J13","Evolution, Natural selection, Malthusian stagnation, Growth, Technological progress, Fertility, Human capital"
Laura Bottazzi,"IGIER, Universitá Bocconi, via Salasco 5, 20136 Milano, Italy, CEPR, London, UK",2001,European Economic Review,Globalization and local proximity in innovation: A dynamic process,"F11, F14, F10","Geography, Location, Knowledge spillovers"
"Jonathan Eaton, Samuel Kortum","Department of Economics, Boston University, 270 Bay State Road, Boston, MA 02215, USA, National Bureau of Economic Research, Cambridge, MA, USA",2001,European Economic Review,"Technology, trade, and growth: A unified framework","F11, F17, O31, O33, O40","Trade, Growth, Technology, Research"
Harald Hau,"INSEAD, Department of Finance, Boulevard de Constance, 77305 Fontainebleau Cedex, France, Centre for Economic Policy Research, CEPR, 90-98 Goswell Road, London EC1V 7RR, UK",2001,European Economic Review,Geographic patterns of trading profitability in Xetra,"G1, G14, G15, F3, F36","Trading profits, Geography, Home bias"
"Marco Pagano, Otto Randl, Ailsa A Röell, Josef Zechner","CSEF, University of Salerno, 84084 Fisciano, Salerno, Italy, Centre for Economic Policy Research, London, UK, Department of Business Studies, University of Vienna, 1210 Vienna, Austria, Department of Economics, Princeton University, Princeton, NJ 08544-1021, USA",2001,European Economic Review,What makes stock exchanges succeed? Evidence from cross-listing decisions,"F23, F36, G15, G30, G39","Cross-listings, Going public, Initial public offerings, Geography, Stock market competition"
"Richard Portes, Hélène Rey, Yonghyup Oh","London Business School, Regent's Park, London NW1 4SA, UK, Centre for Economic Policy Research, London, UK, Princeton University, Princeton, NJ, USA, DELTA, Paris, France",2001,European Economic Review,Information and capital flows: The determinants of transactions in financial assets,"F36, F21, F12, G111","Capital flows, Cross-border portfolio investment, Information asymmetries, Gravity model, Geography"
"Bernard Caillaud, Bruno Jullien","CERAS-ENPC (URA 2036, CNRS), Paris, France, CEPR, London, UK, GREMAQ (UMR 5604, CNRS), Toulouse, France, IDEI, Toulouse, France",2001,European Economic Review,Competing cybermediaries,"D43, L13","Intermediation, Network externalities, Price discrimination, Internet"
"In Ho Lee, Robin Mason","Department of Economics, University of Southampton, Highfield, Southampton SO17 1BJ, UK, CEPR, London, UK",2001,European Economic Review,Market structure in congestible markets,"C72, D43, L13","Congestion, Networks, Market structure"
"Josh Lerner, Jean Tirole","Harvard Business School, Morgan Hall, Room 395, Boston, MA 02163, USA, National Bureau of Economic Research, Cambridge, MA, USA, IDEI and GREMAQ (UMR 5603 CNRS), Toulouse, France, CERAS (URA 2036 CNRS), Paris, France, Massachusetts Institute of Technology, Cambridge, MA, USA",2001,European Economic Review,The open source movement: Key research questions,"L23, L31, L86","Software, Technological innovation, Research and development"
"Jeffrey D. Sachs, Andrew M. Warner","Center for International Development, Harvard University, 79 JFK Street, Cambridge, MA 02138, USA",2001,European Economic Review,The curse of natural resources,"O1, O4, O5, Q0","Growth, Natural resources, Exports"
Richard M Auty,"Department of Geography, Lancaster University, Lancaster LAI 4YB, UK",2001,European Economic Review,The political economy of resource-driven growth,"Q1, Q0","Development, Natural resources, Political states"
Thorvaldur Gylfason,"Faculty of Economics & Business Administration, University of Iceland, 101 Reykjavik, Iceland",2001,European Economic Review,"Natural resources, education, and economic development",O11,"Natural resources, Education, Economic growth"
Etienne Wasmer,"ECARES, Université Libre de Bruxelles, Avenue FD Roosevelt 50, 1050 Brussels, Belgium",2001,European Economic Review,Measuring human capital in the labor market: The supply of experience in 8 OECD countries,"J11, J24","Human capital, Perpetual inventory method"
"J.J Dolado, F Felgueroso, J.F Jimeno","Department of Economics, University of Carlos III, c/Madrid, 126-Edificio Luis Vives, 28903 Getafe, Madrid, Spain, Centre for Economic Policy Research, London, UK, Universidad de Oviedo, Oviedo, Spain, Universidad de Alcalá, Alcalá de Henares, Spain, FEDEA, Madrid, Spain",2001,European Economic Review,Female employment and occupational changes in the 1990s: How is the EU performing relative to the US?,"J16, J21, J44","Female employment, Occupational change, Occupational gender segregation"
"Daron Acemoglu, J.-S Pischke","Department of Economics, Massachusetts Institute of Technology, 50 Memorial Drive, Cambridge, MA 02142, USA, Department of Economics, London School of Economics, Houghton Street, London WC1A, UK",2001,European Economic Review,"Changes in the wage structure, family income, and children's education","J31, I21","Credit constraints, Education, Human capital, Intergenerational mobility, Parental investment"
Jonathan R.W Temple,"Department of Economics, University of Bristol, 8 Woodland Road, Bristol BS8 1TN, UK and CEPR",2001,European Economic Review,Generalizations that aren't? Evidence on education and growth,O15,"Education, Growth, Human capital"
"Paul A Johnson, Lisa N Takeyama","Department of Economics, Vassar College, Poughkeepsie, NY 12604, USA, Department of Economics, Amherst College, Amherst, MA 01002, USA",2001,European Economic Review,Initial conditions and economic growth in the US states,"O40, O51","Convergence clubs, Regression trees"
"Steven N Durlauf, Andros Kourtellos, Artur Minkin","Department of Economics, University of Wisconsin-Madison, 1180 Observatory Drive, Madison, WI 53706, USA",2001,European Economic Review,The local Solow growth model,"N1, O4","Solow growth model, Parameter heterogeneity, Varying coefficients"
"Frank A Cowell, Erik Schokkaert","London School of Economics, STICERD, Houghton Street, London WC2A 2AE, UK, Katholieke Universiteit Leuven, Centre for Economic Studies, Naamsestraat 69, 3000 Leuven, Belgium",2001,European Economic Review,Risk perceptions and distributional judgments,"C13, D63","Risk, Inequality, Questionnaire-experiments, Redistribution"
"Wulf Gaertner, Jochen Jungeilges, Reinhard Neck","Department of Economics, University of Osnabrück, D-49069 Osnabrück, Germany, Department of Economics, University of Bielefeld, Bielefeld, Germany, Department of Economics, University of Klagenfurt, Klagenfurt, Austria, London School of Economics, London, UK",2001,European Economic Review,Cross-cultural equity evaluations: A questionnaire-experimental approach,"D71, D63","Distributive justice, Rawlsianism, Equity principle"
"Yoram Amiel, F.A Cowell, Avraham Polovin","Ruppin Institute, Emek-Hefer, Israel 40250, STICERD, London School of Economics and Political Science, Houghton Street, London WC2A 2AE, UK",2001,European Economic Review,"Risk perceptions, income transformations and inequality","C13, D63","Risk, Inequality, Income transformations"
"Avinash Dixit, Luisa Lambertini","Princeton University, Princeton, NJ 08544-1021, USA, Department of Economics, University of California, Los Angeles, CA 90095-1477, USA",2001,European Economic Review,Monetary–fiscal policy interactions and commitment versus discretion in a monetary union,"F30, F33, F42","Monetary union, Monetary policy, Fiscal policy"
"Daniel Cohen, Olivier Loisel","Ecole normale superieure, 48 boulevard Jourdan, 75014 Paris, France",2001,European Economic Review,Why was the euro weak? Markets and policies,F31,"Euro, Policy coordination"
Alessandra Casella,"Department of Economics, Columbia University, New York, NY 10027, USA, GREQAM, (Groupe de Researche en Economie Quantitative d'Aix-Marseille), Centre de la Vieile Charité, 2 Rue de la Charité, 13002 Marseille, France, National Bureau of Economic Research, 1050 Massachusetts Avenue Cambridge, MA 02138, USA, Centre for Economic Policy Research, 90-98 Goswell Road, London EC1V 7RR, UK",2001,European Economic Review,Market mechanisms for policy decisions: Tools for the European Union,"F33, H41, P16","European Union, Policy coordination, Stability Pact, Voting"
Elizabeth Brainerd,"Department of Economics, Williams College, Williamstown, MA 01267, USA, Center for International Development, Harvard University, Cambridge, MA 02138, USA",2001,European Economic Review,Economic reform and mortality in the former Soviet Union: A study of the suicide epidemic in the 1990s,"I12, P20","Suicide, Mortality, Transition economies"
"Marcelo Bisogno, Alberto Chong","World Bank, 1818 H1st. NW, Washington, DC 20433, USA, Research Department, Inter-American Development Bank, Stop W-0436, Office NW 0422, 1300 New York Avenue NW, Washington, DC 20577, USA",2001,European Economic Review,Foreign aid and poverty in Bosnia and Herzegovina: Targeting simulations and policy implications,"P33, I32, O10","Foreign aid, Targeting, Transfers, Poverty measures, Corruption"
"Robert T. Jensen, Kaspar Richter",,2001,European Economic Review,Understanding the relationship between poverty and children's health,"I3, I12, J13","Health, Poverty, Children"
,,2001,European Economic Review,EEA Report of the Secretary,,
,,2001,European Economic Review,Report of the Treasurer,,
,,2001,European Economic Review,Report of the Editors,,
,,2001,European Economic Review,Young Economist Award,,
,,2001,European Economic Review,Report for EEA Activities 2000,,
,,2001,European Economic Review,Acknowledgement,,
,,2001,European Economic Review,Programme of the 15th Annual EEA Conference,,
,,2001,European Economic Review,Editorial note,,
"Philippe Aghion, Philippe Bacchetta, Abhijit Banerjee","Harvard University, Cambridge, MA 02183, USA, University College, London WC1E 6BT, UK, Center for Economic Policy Research, London, UK, Study Center Gerzensee, P.O. Box 21, CH-3115 Gerzensee, Switzerland, DEEP, Université de Lausanne, CH-1015 Lausanne, Switzerland, Massachusetts Institute of Technology, Cambridge, MA 02142, USA",2001,European Economic Review,Currency crises and monetary policy in an economy with credit constraints,"E4, E5, F3","Monetary policy, Foreign currency debt, Currency crisis"
"Craig Burnside, Martin Eichenbaum, Sergio Rebelo","The World Bank, MSN MC3-301, 1818 H Street NW, Washington, DC 20433, USA, Department of Economics, Northwestern University, Evanston, IL 60208, USA, NBER, Cambridge, MA, USA, Federal Reserve Bank of Chicago, Chicago, IL, USA, Kellogg, Graduate School of Management, Northwestern University, Evanston, IL 60208, USA, CEPR, London, UK",2001,European Economic Review,Hedging and financial fragility in fixed exchange rate regimes,"F31, F41, G15, G21","Fixed exchange rate regimes, Hedging, Government guarantees"
"Jonathan Eaton, Samuel Kortum","Department of Economics, Boston University, 270 Bay State Road, Boston, MA 02215, USA, NBER, Cambridge, MA, USA",2001,European Economic Review,Trade in capital goods,"F43, F21, O33, O47","Productivity, Equipment, Prices, International"
"Jordi Galı́, Mark Gertler, J.David López-Salido","CREI, Universitat Pompeu Fabra, Ramon Trias Fargas 25, 08005 Barcelona, Spain, Department of Economics, New York University, 269 Mercer st., New York, NY 10003, USA, Banco de España, Alcala 50, 28014 Madrid, Spain",2001,European Economic Review,European inflation dynamics,E31,"Inflation, Phillips curve, EMU"
"Bent E. Sørensen, Lisa Wu, Oved Yosha","Federal Reserve Bank of Kansas City, Kansas city, MO, USA, nurun, Inc. Montreal, Canada, Berglas School of Economics, Tel Aviv University, Tel Aviv, 69978, Israel",2001,European Economic Review,Output fluctuations and fiscal policy: U.S. state and local governments 1978–1994,"E6, H72","Budget surplus, Balanced budget rules, Income smoothing"
"Kjetil Storesletten, Chris I. Telmer, Amir Yaron","IIES, Stockholm University, Stockholm, Sweden, GSIA, Carnegie Mellon University, Pittsburgh, PA, USA, Finance Department, The Wharton School, University of Pennsylvania, 2325 Steinberg-Dietrich Hall, Philadelphia, PA 19104, USA, NBER, Cambrige, MA, USA",2001,European Economic Review,The welfare cost of business cycles revisited: Finite lives and cyclical variation in idiosyncratic risk,"E32, D31","Business cycles, Idiosyncratic risk"
"José Tavares, Romain Wacziarg","University of California, Los Angeles, CA 90024, USA, Graduate School of Business, Stanford University, Stanford, CA 94305-5015, USA",2001,European Economic Review,How democracy affects growth,"O40, C30, E60","Growth, Democracy, Simultaneous equations"
"Olli Tahvonen, Seppo Salo","Finnish Forest Research Institute, Unioninkatu 40A, 00170 Helsinki, Finland, Helsinki School of Economics, Department of Economics and Management Science, Runeberginkatu 14-16, 00100 Helsinki, Finland",2001,European Economic Review,Economic growth and transitions between renewable and nonrenewable energy resources,"Q30, Q40","Nonrenewable resources, Climate change, Economic growth, Energy"
Vincenzo Denicolò,"Dipartimento di Scienze Economiche, Università di Bologna, Piazza Scaravilli 2, 40125 Bologna, Italy",2001,European Economic Review,Growth with non-drastic innovations and the persistence of leadership,"D90, L16, O40","Growth, Quality ladders, Non-drastic innovations, Persistent leadership"
David de la Croix,"IRES, Université catholique de Louvain, Place Montesquieu 3, B-1348 Louvain-la-Neuve, Belgium, National Fund for Scientific Research, Brussels, Belgium",2001,European Economic Review,Growth dynamics and education spending: The role of inherited tastes and abilities,"E32, O41","Endogenous growth, Human capital, Aspirations, Poverty trap, Limit cycle"
"Paul J.G. Tang, Klaus Wälde","Central Planning Bureau, The Hague, Netherlands, Department of Economics, University of Dortmund, 44221 Dortmund, Germany",2001,European Economic Review,"International competition, growth and welfare","F15, F12, O31","International competition, Growth model, Welfare analysis, Transitional dynamics"
"Edward F. Buffie, Yongkul Won","Department of Economics, Indiana University, Bloomington, IN 47405, USA, College of Northeast Asian Studies, University of Inchon, 177 Dohwa-dong, Nam-gu, Inchon 402-749, South Korea",2001,European Economic Review,Devaluation and investment in an optimizing model of the small open economy,"F41, 011","Devaluation, Investment, Capital accumulation"
"Stefan Fölster, Magnus Henrekson","HUI, The Swedish Research Institute of Trade, S-103 29 Stockholm, Sweden, Department of Economics, Stockholm School of Economics, Box 6501, S-113 83, Stockholm, Sweden",2001,European Economic Review,Growth effects of government expenditure and taxation in rich countries,"E62, H20, H50, O23, O40","Economic growth, Extreme bounds analysis, Fiscal policy, Government expenditure, Public sector, Taxation, Cross-country regressions, Panel regressions, Robustness test"
Birthe Larsen,"CIM and Department of Economics, Copenhagen Business School, Solbjerg Plads 3, C5, DK-2000 Copenhagen F., Denmark",2001,European Economic Review,"Minimum wages, technological progress and loss of skill","E2, J4, J6, O3","Minimum wages, Search, Loss of skill, Unemployment"
"Paul Beaudry, Carmen Pages","Department of Economics, University of British Columbia, 997-1873 East Mall, Vancouver, B.C., Canada V6T 1Z1, Canadian Institute of Advanced Research, Toronto, Ont., Canada, National Bureau of Economic Research, Cambridge, MA, USA, Inter-American Development Bank, 1300 New York Avenue, N.W., Washington, DC 20577, USA",2001,European Economic Review,The cost of business cycles and the stabilization value of unemployment insurance,"E32, J41","Stabilization policy, Implicit contracts, Commitment constraints, Unemployment insurance"
,,2001,European Economic Review,Forthcoming papers,,
,,2001,European Economic Review,Call for papers Tor Vergata,,
,,2001,European Economic Review,Call for papers 12th Biennial Conference,,
,,2001,European Economic Review,Announcement Economic Systems,,
János Kornai,"Harvard University, Cambridge, MA 02138, USA, Collegium Budapest, Institute for Advanced Study, Szentháromság u.2, 1014 Budapest, Hungary",2001,European Economic Review,Hardening the budget constraint: The experience of the post-socialist countries,"H2, G3, D78","Post-socialist transition, Soft budget constraint, Financial discipline, Privatization"
"Enrico C Perotti, Stanislav Gelfer","Department of Finance/FEE, University of Amsterdam, Roetersstraat 11, 1018 WB Amsterdam, Netherlands, CEPR, London, UK, European Bank for Reconstruction and Development, One Exchange Square, EC2A 2EH London, UK",2001,European Economic Review,Red barons or robber barons? Governance and investment in Russian financial–industrial groups,G31,"Business groups, Russia, Financial transition, Corporate governance, Investment, Internal capital markets, Credit constraints"
"Randall K Filer, Jan Hanousek","Hunter College and The Graduate Center, CUNY, New York, USA, CERGE-EI, Charles University and Academy of Sciences of the Czech Republic, Politických vĕzn̆ů 7, 111 21 Prague, Czech Republic",2001,European Economic Review,Informational content of prices set using excess demand: The natural experiment of Czech voucher privatization,G14,"Markets, Efficiency, Auctions, Privatization"
"Michael Alexeev, James Leitzel","Department of Economics, Indiana University, Bloomington, IN 47405, USA, Social Sciences Collegiate Division, University of Chicago, 5845 S. Ellis Avenue, Chicago, IL 60637, USA",2001,European Economic Review,Income distribution and price controls: Targeting a social safety net during economic transition,"P2, H2","Transition, Income distribution, Price controls, Social safety net"
"Jesper Rangvid, Carsten Sørensen","Department of Finance, Copenhagen Business School, Solbjerg Plads 3, DK-2000 Frederiksberg, Denmark",2001,European Economic Review,Determinants of the implied shadow exchange rates from a target zone,"E44, E52, F31, F33","Exchange rates, Interest rate spreads, Target zones"
"Paul Dolan, Angela Robinson","Department of Economics, University of Sheffield, Regent Court, 30 Regent Street, Sheffield S1 4DA, UK, Department of Epidemiology and Public Health, University of Newcastle, New Castle-upon-Tyne UK",2001,European Economic Review,The measurement of preferences over the distribution of benefits: The importance of the reference point,I1,"Atkinson index, Equity, Health gain, Inequality aversion, Loss aversion"
Indraneel Dasgupta,"School of Economics, University of Nottingham, Nottingham NG7 2RD, UK",2001,European Economic Review,Gender-biased redistribution and intra-household distribution,"H23, H31, I38, J16","Cournot model of household, Intra-household distribution, Inter-gender redistribution"
Thomas Grandner,"Vienna University of Economics and Business Administration, Augasse 2-6, 1090 Vienna, Austria",2001,European Economic Review,"Unions in oligopolistic, vertically connected industries","L13, J50, J31","Vertical industry structure, Unions, Wage determination"
"Dominique Demougin, Claude Fluet","Humboldt University at Berlin, School of Business and Economics, Spandauerstr. 1, 10178 Berlin, Germany, CREFÉ, University of Quebec at Montreal, C.P. 8888, Montreal, Canada H3C 3P8, University of Mountreal, C.P. 8888, Montreal, Canada H3C 3P8",2001,European Economic Review,Monitoring versus incentives,"D2, D8","Principal–agent, Monitoring, High-powered incentives"
Nuno Garoupa,"Department d'Economia i Empresa, Universitat Pompeu Fabra, Ramon Trias Fargas 25-27, 08005 Barcelona, Spain",2001,European Economic Review,Optimal magnitude and probability of fines,K4,"Crime, Probability and severity of sanctions, Law enforcement"
"Gilles Chemla, Antoine Faure-Grimaud","Faculty of Commerce, University of British Columbia, Vancouver BC, V6T 122 Canada, Thema (CNRS UMR 7536), 7 rue Marcel Renault, 75017 Paris, France, CEPR, 90–98 Goswell Road, London ECIV 7RR, UK, London School of Economics, Financial Markets Group and CEPR, Houghton Street, London WC2A 2AE, UK",2001,European Economic Review,Dynamic adverse selection and debt,"D8, G3, L1","Debt, Renegotiation, Dynamic adverse selection"
,,2001,European Economic Review,Call for papers,,
"Canice Prendergast, Lars Stole","University of Chicago, Graduate School of Business, 1101 E. 58th Street, Chicago, IL 60637, USA",2001,European Economic Review,The non-monetary nature of gifts,"A13, D10, D64, D82, Z1","Gifts, Non-monetary exchange, Signaling"
"Massimo Bordignon, Sandro Brusco","IUAV, Santa Croce 191, 30315 Venice, Italy, Department of Economics, Catholic University of Milan, 20090 Largo Gemelli 1, Milan, Italy, Departamento de Economiá de la Empresa, Universidad Carlos III de Madrid, Calle Madrid 126, 28903 Getafe, Spain, Facoltà di Economia, Università di Cagliari, Via Fra Ignazio da Laconi, 09120 Cagliari, Italy",2001,European Economic Review,Optimal secession rules,"H1, H7","Secession, Federalism"
Scott Barrett,"Paul H. Nitze School of Advanced International Studies, Johns Hopkins University, 1740 Massachusetts Avenue, Washington DC, NW 20036, USA",2001,European Economic Review,International cooperation for sale,,"International agreements, Side payments, Public goods"
"Assar Lindbeck, Dennis J. Snower","IIES, University of Stockholm, S106 91 Stockholm, Sweden, IUI, Stockholm, Sweden, Department of Economics, Birkbeck College, University of London, 7 Gresse Street, London W1P 2LL, UK, CEPR, London, UK, IZA, Bonn, Germany",2001,European Economic Review,Centralized bargaining and reorganized work: Are they compatible?,"D23, J24, J31, J51, J53","Centralized wage bargaining, Restructuring of firms, Information flows, Employment, Wage formation"
"Patrizia Canziani, Barbara Petrongolo","J.P. Morgan Securities Ltd., 60 Victoria Embarkment, London EC4Y 0JP, UK, Universidad Carlos III (Madrid), CEP (LSE) and CEPR, Spain",2001,European Economic Review,Firing costs and stigma: A theoretical analysis and evidence from microdata,"D83, E24, J65","Imperfect information, Firing costs, Stigma, Unemployment"
Markus Küppers,"Sal. Oppenheim jr. & Cie., Unter Sachsenhausen 4, 50667 Cologne, Germany",2001,European Economic Review,Curtailing the black box: German banking groups in the transmission of monetary policy,"E44, E51, E52, G21","Monetary transmission, VAR, Sectoral effects, Relationship banking"
"Y. Altunbaş, E.P.M. Gardener, P. Molyneux, B. Moore","The Business School, South Bank University, London, UK, University of Wales, Bangor, UK, Erasmus University, Rotterdam, UK, Downing College, University of Cambridge, Cambridge, UK",2001,European Economic Review,Efficiency in European banking,"G21, D21, G23","Banking, Efficiency, Frontiers"
Giovanni Dell'Ariccia,"IMF, Research Department, 700, 19th street, NW, Washington, DC 20431, USA",2001,European Economic Review,Asymmetric information and the structure of the banking industry,"D43, D82, G21","Banking, Barriers to entry, Spatial competition"
"Roman Inderst, Achim Wambach","Department of Economics, University College London, Gower Street, London WC1E 6BT, UK, Department of Economics, University of Munich, Ludwigstrasse 28 VG, 80539 Munich, Germany",2001,European Economic Review,Competitive insurance markets under adverse selection and capacity constraints,"C72, C78, D82, G22","Insurance markets, Asymmetric information, Competitive equilibrium, Capacity constraints"
,,2001,European Economic Review,Author index volume 45,,
"Olivier Compte, Frédéric Jenny, Patrick Rey","CERAS-ENPC, 28 Rue des St.-Pères, 75007 Paris, France, ESSEC, BP 105, 95021 Cergy Cedex, France, GREMAQ and IDEI, University of Toulouse 1, Place Anatole France, 31042 Toulouse Cedex, France, CEPR, 90–98 Goswell Road, London EC1V 7RR, UK",2002,European Economic Review,"Capacity constraints, mergers and collusion","K2, L4","Capacity constraints, Mergers, Collusion"
"Martin J. Conyon, Sourafel Girma, Steve Thompson, Peter W. Wright","Wharton School, University of Pennsylvania, Philadelphia, PA 19104-6370, USA, School of Economics, University of Nottingham, University Park, NG7 2RD, UK, Department of Economics, University of Leicester, Leicester, LE1 7RH, UK",2002,European Economic Review,The impact of mergers and acquisitions on company employment in the United Kingdom,"J23, L23","Mergers, Acquisitions, Panel data, Labour demand"
Michael Kosfeld,"Institute for Empirical Research in Economics, University of Zurich, Blümlisalpstrasse 10, CH-8006 Zurich, Switzerland",2002,European Economic Review,Why shops close again: An evolutionary perspective on the deregulation of shopping hours,"L51, C72","Shopping hours, Deregulation, Coordination, Equilibrium selection"
Fernando Branco,"Universidade Católica Portuguesa, FCEE, Palma de Cima, 1649-023 Lisboa, Portugal",2002,European Economic Review,Procurement favouritism and technology adoption,"D44, F13, H57, O33","Procurement, Protection, Technology adoption, Auctions"
"Jordi Jaumandreu, Joaquı́n Lorences","Universidad Carlos III de Madrid, C/Madrid 126, 28903 Getafe (Madrid), Spain, Universidad de Oviedo, Oviedo, Spain",2002,European Economic Review,Modelling price competition across many markets (An application to the Spanish loans market),"L13, G21","Price behaviour, Independent markets, Market power, Price coalitions"
Matthew T. Holt,"Departments of Agricultural and Resource Economics and Economics, North Carolina State University, P.O. Box 8109, Raleigh, NC 27659-8109, USA",2002,European Economic Review,Inverse demand systems and choice of functional form,"C12, C15, C52, D12","Bootstrapped LR tests, Hybrid model, Inverse demand systems, Non-nested tests, Choice of functional form"
"Robin Mason, Timothy Swanson","Department of Economics, University of Southampton, Highfield, Southampton S017 1BJ, UK, Department of Economics and CSERGE, University College London, UK",2002,European Economic Review,The costs of uncoordinated regulation,"D43, D62, L51, Q28","Environmental regulation, Strategic entry deterrence, Regulatory failure"
Patrick W. Schmitz,"University of Bonn, Wirtschaftspolitische Abteilung, Adenauerallee 24-42, D-53113 Bonn, Germany",2002,European Economic Review,"Simple contracts, renegotiation under asymmetric information, and the hold-up problem","D23, D82, L14","Contract theory, Private information, Hold-up problem"
"Kamal Saggi, Nikolaos Vettas","Department of Economics, Southern Methodist University, Dallas, TX 75275-0496, USA, The Fuqua School of Business, Duke University, Durham, NC 27708-0120, USA, Department of Economics, University of Athens, Athens 10559, Greece, Centre for Economic Policy Research, London, UK",2002,European Economic Review,On intrabrand and interbrand competition: The strategic role of fees and royalties,"L13, L14, L22, L42","Intrabrand competition, Strategic contracting, Two-part tariffs, Royalties"
"Ping Lin, Kamal Saggi","Department of Economics, Lingnan University, Tuen Mun, Hong Kong, Department of Economics, Southern Methodist University, Dallas, TX 75275-0496, USA",2002,European Economic Review,"Product differentiation, process R&D, and the nature of market competition","L13, O32","Product R&D, Process R&D, Complementarity"
Antonio Ciccone,"Department of Economics and Business Administration, Universitat Pompeu Fabra, Ramon Trias Fargas 25-27, 08005 Barcelona, Spain, CEPR, London, UK",2002,European Economic Review,Agglomeration effects in Europe,R10,"Agglomeration, Productivity"
"Luca Antonio Ricci, Peter Isard","International Monetary Fund, Washington, DC 20431, USA",2002,European Economic Review,"European monetary union, adjustment, and exchange rate variability","F4, F31, F33, F36","European Monetary Union, Exchange rate variability"
Atish R. Ghosh,"International Monetary Fund, Washington, DC 20431, USA",2002,European Economic Review,Central bank secrecy in the foreign exchange market,"E38, F31","Foreign exchange, Central bank, Shocks, Secrecy"
"Steve Ambler, Emanuela Cardia, Christian Zimmermann","CREFÉ, Université du Québec à Montréal, Ecole des Sciences de la gestion, Case Postale 8888, Succursale Centre-Ville, Montreal (Quebec), Canada H3C 3P8, Department of Economics, European University Institute, Via dei Roccettini 9, 50016 San Dominico di Fiesole (F), Italy, CRDE, Université de Montréal, Case Postale 6128, Succursale Centre-Ville, Montreal (Quebec), Canada H3C 3J7",2002,European Economic Review,International transmission of the business cycle in a multi-sector model,"E32, F41, D57","Open economy macroeconomics, Business cycles, Sectoral shocks"
"Jean-Marie Viaene, Itzhak Zilcha","Department of Economics, H8-8, Erasmus University and Tinbergen Institute, P.O. Box 1738, 3000 DR Rotterdam, Netherlands, The Eitan Berglas School of Economics, Tel-Aviv University, Tel-Aviv, Israel",2002,European Economic Review,"Capital markets integration, growth and income distribution","D9, E2, F2, J2","Altruism, Growth, Human capital, Income distribution, Capital markets integration"
"Richard C. Cornes, Emilson C.D. Silva","School of Economics, University of Nottingham, University Park, Nottingham NG7 2RD, UK, Department of Economics, Tulane University, New Orleans, LA 70118-5698, USA",2002,European Economic Review,"Local public goods, inter-regional transfers and private information","D82, H41, H73, H77","Asymmetric information, Public goods, Fiscal federalism"
Timothy J. Goodspeed,"Hunter College-CUNY, Department of Economics, 695 Park Avenue, New York, NY 10021, USA",2002,European Economic Review,Tax competition and tax structure in open federal economies: Evidence from OECD countries with implications for the European Union,"H87, H77, H1","Tax competition, Tax structure, Fiscal federalism, International taxation"
"Carmen Matutes, Xavier Vives","Institut d'Anàlisi Econòmica, CSIC, Campus UAB, 08193 Bellaterra, Barcelona, Spain",2000,European Economic Review,"Imperfect competition, risk taking, and regulation in banking","G21, G28","Market power, Social cost of failure, Risk taking, Limited liability, Investor protection, Rate regulation, Asset restrictions"
Raul A. Barreto,"School of Economics, The University of Adelaide, Adelaide SA 5005, Australia",2000,European Economic Review,Endogenous corruption in a neoclassical growth model,"O40, O17","Endogenous, Growth, Corruption"
Martin T. Bohl,"Department of Economics, Justus-Liebig-University Giessen, Licher Strasse 74, 35394 Giessen, Germany",2000,European Economic Review,Nonstationary stochastic seasonality and the German M2 money demand function,"E41, C22","Money demand function, Seasonal integration and cointegration, Seasonal error correction model"
Martine Carré,"M.A.D., Université Paris I, 106-112 bd de l'Hôpital, 75647 Paris Cedex 13, France",2000,European Economic Review,Debt stabilization with a deadline,"C79, H63, F02",War of attrition
"Jeremy Greenwood, Zvi Hercowitz, Per Krusell","University of Rochester, Rochester, NY 14627, USA, Tel Aviv University, Tel Aviv, Israel, CEPR, London, UK, Institute for International Economic Studies, Stockholm, Sweden",2000,European Economic Review,The role of investment-specific technological change in the business cycle,"E3, O3, O4","Equipment investment, Technological change, Business cycles"
Jan Hatzius,"Goldman, Sachs and Co. oHG, Friedrich-Ebert-Anlage 49, MesseTurm, D-60308 Frankfurt am Main, Germany",2000,European Economic Review,Foreign direct investment and factor demand elasticities,"F21, J23, J30","Foreign direct investment, Labour demand, Britain, Germany"
Robert J Hill,"School of Economics, University of New South Wales, Sydney 2052, Australia",2000,European Economic Review,Measuring substitution bias in international comparisons based on additive purchasing power parity methods,"C43, O57","Index numbers, Relative price variability, Substitution bias, Gerschenkron effect, Inequality"
Harry Huizinga,"Department of Economics, Katholieke Universiteit Brabant, P.O. Box 90153, 5000 LE Tilburg, The Netherlands, CEPR, London, UK",2000,European Economic Review,Intrafirm information management and wage dynamics,"D80, J41","Information, Wage profile"
"Mark A. Roberts, Karsten Stæhr, Torben Tranæs","University of Nottingham, Nottingham, UK, Bank of Norway, Oslo, Norway, Institute of Economics, University of Copenhagen, Studiestræde 6, DK-1455 Copenhagen K, Denmark",2000,European Economic Review,Two-stage bargaining with coverage extension in a dual labour market,"J42, J31, J50","Coverage extension, Two-stage bargaining, Minimum wages, Dual labour market, Centralization"
"Ben Jacobsen, Jan Potters, Arthur Schram, Frans van Winden, Jörgen Wit",,2000,European Economic Review,(In)accuracy of a European political stock market: The influence of common value structures,"C93, D82, G1","Political stock market, Common value, Proportional representation, Market efficiency"
